<?xml version="1.0" encoding="utf-8"?>
<module>
	<type>language</type>
	<name>Vietnamese</name>
	<label>Tiếng Việt | Vietnamese</label>
	<prefix>vn_vn</prefix>
	<version>1.1</version>
	<encoding>UTF-8</encoding>
	<author>Khoa Dang</author>
	<license>dk@dkndk.com</license>
	<dependencies>
		<vtiger_version>6.0.0</vtiger_version>
		<vtiger_max_version>6.*</vtiger_max_version>
	</dependencies>
	<license>
		<inline><![CDATA[
		*************************************************************************************
		* Publish by Khoa Dang                       						    			*
		*************************************************************************************
		*  Language     : Vietnamese                                                        *
		*  Vtiger       : 6.0-6.4                                                              *
		*  Author       : Khoa Dang						            						*
		*  Help/Email   : dk@dkndk.com                                                   	*
		*  Licence      : Free                                     							*
		*************************************************************************************   
		]]></inline>
	</license>
</module>

